[
  {
    "created_at": "Thu Feb 22 02:02:57 +0000 2018",
    "id": 966493481052135424,
    "id_str": "966493481052135424",
    "text": ".@jaketapper beautiful tribute on @CNN #townhall",
    "source": "<a href=\"http://twitter.com/download/iphone\" rel=\"nofollow\">Twitter for iPhone</a>",
    "truncated": false,
    "in_reply_to_status_id": null,
    "in_reply_to_status_id_str": null,
    "in_reply_to_user_id": null,
    "in_reply_to_user_id_str": null,
    "in_reply_to_screen_name": null,
    "user": {
      "id": 2269183164,
      "id_str": "2269183164",
      "name": "Anne Slease",
      "screen_name": "Anne_Slease",
      "location": "Delaware, USA",
      "url": "http://www.anneslease.com/",
      "description": "Fierce mom advocate for mental health, gunsense & addiction. Former teacher/director paying hope forward -YA author rep'd by @HerringAli - AKA @stillhopefulmom",
      "translator_type": "none",
      "derived": {
        "locations": [
          {
            "country": "United States",
            "country_code": "US",
            "region": "Delaware",
            "full_name": "Delaware, United States",
            "geo": {
              "coordinates": [
                -75.49992,
                39.00039
              ],
              "type": "point"
            }
          }
        ]
      },
      "protected": false,
      "verified": false,
      "followers_count": 1041,
      "friends_count": 937,
      "listed_count": 49,
      "favourites_count": 4366,
      "statuses_count": 2890,
      "created_at": "Mon Dec 30 17:37:05 +0000 2013",
      "utc_offset": null,
      "time_zone": null,
      "geo_enabled": true,
      "lang": "en",
      "contributors_enabled": false,
      "is_translator": false,
      "profile_background_color": "131516",
      "profile_background_image_url": "http://pbs.twimg.com/profile_background_images/378800000160239517/zarkuPB-.jpeg",
      "profile_background_image_url_https": "https://pbs.twimg.com/profile_background_images/378800000160239517/zarkuPB-.jpeg",
      "profile_background_tile": false,
      "profile_link_color": "442266",
      "profile_sidebar_border_color": "FFFFFF",
      "profile_sidebar_fill_color": "DDEEF6",
      "profile_text_color": "009999",
      "profile_use_background_image": true,
      "profile_image_url": "http://pbs.twimg.com/profile_images/823368245772165120/AMjygwlN_normal.jpg",
      "profile_image_url_https": "https://pbs.twimg.com/profile_images/823368245772165120/AMjygwlN_normal.jpg",
      "profile_banner_url": "https://pbs.twimg.com/profile_banners/2269183164/1496277988",
      "default_profile": false,
      "default_profile_image": false,
      "following": null,
      "follow_request_sent": null,
      "notifications": null
    },
    "geo": null,
    "coordinates": null,
    "place": null,
    "contributors": null,
    "is_quote_status": false,
    "quote_count": 0,
    "reply_count": 0,
    "retweet_count": 0,
    "favorite_count": 1,
    "entities": {
      "hashtags": [
        {
          "text": "townhall",
          "indices": [
            39,
            48
          ]
        }
      ],
      "urls": [],
      "user_mentions": [
        {
          "screen_name": "jaketapper",
          "name": "Jake Tapper",
          "id": 14529929,
          "id_str": "14529929",
          "indices": [
            1,
            12
          ]
        },
        {
          "screen_name": "CNN",
          "name": "CNN",
          "id": 759251,
          "id_str": "759251",
          "indices": [
            34,
            38
          ]
        }
      ],
      "symbols": []
    },
    "favorited": false,
    "retweeted": false,
    "filter_level": "low",
    "lang": "en",
    "matching_rules": [
      {
        "tag": null
      }
    ]
  },
  {
    "created_at": "Thu Feb 22 02:02:44 +0000 2018",
    "id": 966493430066110464,
    "id_str": "966493430066110464",
    "text": "RT @SiddonsDan: MUST SEE @MichelleMalkin:\n@CNN plans on holding a #Townhall on gun control tonight \u2014 BUT BEWARE!! They have a sordid and lo\u2026",
    "source": "<a href=\"http://twitter.com/download/android\" rel=\"nofollow\">Twitter for Android</a>",
    "truncated": false,
    "in_reply_to_status_id": null,
    "in_reply_to_status_id_str": null,
    "in_reply_to_user_id": null,
    "in_reply_to_user_id_str": null,
    "in_reply_to_screen_name": null,
    "user": {
      "id": 806290071250993153,
      "id_str": "806290071250993153",
      "name": "Sneekie Pete",
      "screen_name": "SneekieP",
      "location": null,
      "url": "https://gab.ai/SneekiePete",
      "description": "#MAGA",
      "translator_type": "none",
      "protected": false,
      "verified": false,
      "followers_count": 1866,
      "friends_count": 2040,
      "listed_count": 17,
      "favourites_count": 32510,
      "statuses_count": 17696,
      "created_at": "Wed Dec 07 00:11:47 +0000 2016",
      "utc_offset": null,
      "time_zone": null,
      "geo_enabled": false,
      "lang": "en",
      "contributors_enabled": false,
      "is_translator": false,
      "profile_background_color": "F5F8FA",
      "profile_background_image_url": "",
      "profile_background_image_url_https": "",
      "profile_background_tile": false,
      "profile_link_color": "1DA1F2",
      "profile_sidebar_border_color": "C0DEED",
      "profile_sidebar_fill_color": "DDEEF6",
      "profile_text_color": "333333",
      "profile_use_background_image": true,
      "profile_image_url": "http://pbs.twimg.com/profile_images/919970555322871809/sXWBLR1Q_normal.jpg",
      "profile_image_url_https": "https://pbs.twimg.com/profile_images/919970555322871809/sXWBLR1Q_normal.jpg",
      "default_profile": true,
      "default_profile_image": false,
      "following": null,
      "follow_request_sent": null,
      "notifications": null
    },
    "geo": null,
    "coordinates": null,
    "place": null,
    "contributors": null,
    "retweeted_status": {
      "created_at": "Wed Feb 21 20:51:19 +0000 2018",
      "id": 966415057667096576,
      "id_str": "966415057667096576",
      "text": "MUST SEE @MichelleMalkin:\n@CNN plans on holding a #Townhall on gun control tonight \u2014 BUT BEWARE!! They have a sordi\u2026 https://t.co/GY84bbKA2z",
      "source": "<a href=\"http://twitter.com/#!/download/ipad\" rel=\"nofollow\">Twitter for iPad</a>",
      "truncated": true,
      "in_reply_to_status_id": null,
      "in_reply_to_status_id_str": null,
      "in_reply_to_user_id": null,
      "in_reply_to_user_id_str": null,
      "in_reply_to_screen_name": null,
      "user": {
        "id": 867947619661881344,
        "id_str": "867947619661881344",
        "name": "Dan Siddons",
        "screen_name": "SiddonsDan3",
        "location": null,
        "url": null,
        "description": "I Support President Donald J. Trump @trish_regan @ericbolling @katrinapierson @RealJamesWoods @michellemalkin @deneenborelli @RealDrGina @DLoesch @STEPHMHAMILL",
        "translator_type": "none",
        "protected": false,
        "verified": false,
        "followers_count": 72360,
        "friends_count": 71781,
        "listed_count": 171,
        "favourites_count": 175710,
        "statuses_count": 198433,
        "created_at": "Fri May 26 03:36:53 +0000 2017",
        "utc_offset": null,
        "time_zone": null,
        "geo_enabled": true,
        "lang": "en",
        "contributors_enabled": false,
        "is_translator": false,
        "profile_background_color": "F5F8FA",
        "profile_background_image_url": "",
        "profile_background_image_url_https": "",
        "profile_background_tile": false,
        "profile_link_color": "1DA1F2",
        "profile_sidebar_border_color": "C0DEED",
        "profile_sidebar_fill_color": "DDEEF6",
        "profile_text_color": "333333",
        "profile_use_background_image": true,
        "profile_image_url": "http://pbs.twimg.com/profile_images/932133290194165760/gKVRr-xH_normal.jpg",
        "profile_image_url_https": "https://pbs.twimg.com/profile_images/932133290194165760/gKVRr-xH_normal.jpg",
        "profile_banner_url": "https://pbs.twimg.com/profile_banners/867947619661881344/1522161070",
        "default_profile": true,
        "default_profile_image": false,
        "following": null,
        "follow_request_sent": null,
        "notifications": null
      },
      "geo": null,
      "coordinates": null,
      "place": null,
      "contributors": null,
      "is_quote_status": false,
      "extended_tweet": {
        "full_text": "MUST SEE @MichelleMalkin:\n@CNN plans on holding a #Townhall on gun control tonight \u2014 BUT BEWARE!! They have a sordid and long history of *rigging* town halls with phony plants. \nThese are biased political events, not journalistic exercises. \nhttps://t.co/LKEwhVYUdI",
        "display_text_range": [
          0,
          265
        ],
        "entities": {
          "hashtags": [
            {
              "text": "Townhall",
              "indices": [
                50,
                59
              ]
            }
          ],
          "urls": [],
          "user_mentions": [
            {
              "screen_name": "michellemalkin",
              "name": "Michelle Malkin",
              "id": 15976697,
              "id_str": "15976697",
              "indices": [
                9,
                24
              ]
            },
            {
              "screen_name": "CNN",
              "name": "CNN",
              "id": 759251,
              "id_str": "759251",
              "indices": [
                26,
                30
              ]
            }
          ],
          "symbols": [],
          "media": [
            {
              "id": 966384325997588482,
              "id_str": "966384325997588482",
              "indices": [
                242,
                265
              ],
              "additional_media_info": {
                "title": "",
                "description": "",
                "embeddable": true,
                "monetizable": false
              },
              "media_url": "http://pbs.twimg.com/amplify_video_thumb/966384325997588482/img/5LJxXL8v7xocW4mu.jpg",
              "media_url_https": "https://pbs.twimg.com/amplify_video_thumb/966384325997588482/img/5LJxXL8v7xocW4mu.jpg",
              "url": "https://t.co/LKEwhVYUdI",
              "display_url": "pic.twitter.com/LKEwhVYUdI",
              "expanded_url": "https://twitter.com/CRTV/status/966387079641948160/video/1",
              "type": "video",
              "video_info": {
                "aspect_ratio": [
                  16,
                  9
                ],
                "duration_millis": 133300,
                "variants": [
                  {
                    "bitrate": 832000,
                    "content_type": "video/mp4",
                    "url": "https://video.twimg.com/amplify_video/966384325997588482/vid/640x360/Merk_MkZa4JqTpDb.mp4"
                  },
                  {
                    "bitrate": 2176000,
                    "content_type": "video/mp4",
                    "url": "https://video.twimg.com/amplify_video/966384325997588482/vid/1280x720/guGOvQ28h9ZVgYih.mp4"
                  },
                  {
                    "bitrate": 320000,
                    "content_type": "video/mp4",
                    "url": "https://video.twimg.com/amplify_video/966384325997588482/vid/320x180/GrBOdQ80xEBEA1li.mp4"
                  },
                  {
                    "content_type": "application/x-mpegURL",
                    "url": "https://video.twimg.com/amplify_video/966384325997588482/pl/KclQ5uFigOcyhIeg.m3u8"
                  }
                ]
              },
              "sizes": {
                "thumb": {
                  "w": 150,
                  "h": 150,
                  "resize": "crop"
                },
                "large": {
                  "w": 1920,
                  "h": 1080,
                  "resize": "fit"
                },
                "medium": {
                  "w": 1200,
                  "h": 675,
                  "resize": "fit"
                },
                "small": {
                  "w": 680,
                  "h": 383,
                  "resize": "fit"
                }
              },
              "source_status_id": 966387079641948160,
              "source_status_id_str": "966387079641948160",
              "source_user_id": 753385398718521344,
              "source_user_id_str": "753385398718521344"
            }
          ]
        },
        "extended_entities": {
          "media": [
            {
              "id": 966384325997588482,
              "id_str": "966384325997588482",
              "indices": [
                242,
                265
              ],
              "additional_media_info": {
                "title": "",
                "description": "",
                "embeddable": true,
                "monetizable": false
              },
              "media_url": "http://pbs.twimg.com/amplify_video_thumb/966384325997588482/img/5LJxXL8v7xocW4mu.jpg",
              "media_url_https": "https://pbs.twimg.com/amplify_video_thumb/966384325997588482/img/5LJxXL8v7xocW4mu.jpg",
              "url": "https://t.co/LKEwhVYUdI",
              "display_url": "pic.twitter.com/LKEwhVYUdI",
              "expanded_url": "https://twitter.com/CRTV/status/966387079641948160/video/1",
              "type": "video",
              "video_info": {
                "aspect_ratio": [
                  16,
                  9
                ],
                "duration_millis": 133300,
                "variants": [
                  {
                    "bitrate": 832000,
                    "content_type": "video/mp4",
                    "url": "https://video.twimg.com/amplify_video/966384325997588482/vid/640x360/Merk_MkZa4JqTpDb.mp4"
                  },
                  {
                    "bitrate": 2176000,
                    "content_type": "video/mp4",
                    "url": "https://video.twimg.com/amplify_video/966384325997588482/vid/1280x720/guGOvQ28h9ZVgYih.mp4"
                  },
                  {
                    "bitrate": 320000,
                    "content_type": "video/mp4",
                    "url": "https://video.twimg.com/amplify_video/966384325997588482/vid/320x180/GrBOdQ80xEBEA1li.mp4"
                  },
                  {
                    "content_type": "application/x-mpegURL",
                    "url": "https://video.twimg.com/amplify_video/966384325997588482/pl/KclQ5uFigOcyhIeg.m3u8"
                  }
                ]
              },
              "sizes": {
                "thumb": {
                  "w": 150,
                  "h": 150,
                  "resize": "crop"
                },
                "large": {
                  "w": 1920,
                  "h": 1080,
                  "resize": "fit"
                },
                "medium": {
                  "w": 1200,
                  "h": 675,
                  "resize": "fit"
                },
                "small": {
                  "w": 680,
                  "h": 383,
                  "resize": "fit"
                }
              },
              "source_status_id": 966387079641948160,
              "source_status_id_str": "966387079641948160",
              "source_user_id": 753385398718521344,
              "source_user_id_str": "753385398718521344"
            }
          ]
        }
      },
      "quote_count": 0,
      "reply_count": 115,
      "retweet_count": 1184,
      "favorite_count": 1507,
      "entities": {
        "hashtags": [
          {
            "text": "Townhall",
            "indices": [
              50,
              59
            ]
          }
        ],
        "urls": [
          {
            "url": "https://t.co/GY84bbKA2z",
            "expanded_url": "https://twitter.com/i/web/status/966415057667096576",
            "display_url": "twitter.com/i/web/status/9\u2026",
            "indices": [
              117,
              140
            ]
          }
        ],
        "user_mentions": [
          {
            "screen_name": "michellemalkin",
            "name": "Michelle Malkin",
            "id": 15976697,
            "id_str": "15976697",
            "indices": [
              9,
              24
            ]
          },
          {
            "screen_name": "CNN",
            "name": "CNN",
            "id": 759251,
            "id_str": "759251",
            "indices": [
              26,
              30
            ]
          }
        ],
        "symbols": []
      },
      "favorited": false,
      "retweeted": false,
      "possibly_sensitive": true,
      "filter_level": "low",
      "lang": "en"
    },
    "is_quote_status": false,
    "quote_count": 0,
    "reply_count": 0,
    "retweet_count": 0,
    "favorite_count": 0,
    "entities": {
      "hashtags": [
        {
          "text": "Townhall",
          "indices": [
            66,
            75
          ]
        }
      ],
      "urls": [],
      "user_mentions": [
        {
          "screen_name": "SiddonsDan",
          "name": null,
          "id": null,
          "id_str": null,
          "indices": [
            3,
            14
          ]
        },
        {
          "screen_name": "michellemalkin",
          "name": "Michelle Malkin",
          "id": 15976697,
          "id_str": "15976697",
          "indices": [
            25,
            40
          ]
        },
        {
          "screen_name": "CNN",
          "name": "CNN",
          "id": 759251,
          "id_str": "759251",
          "indices": [
            42,
            46
          ]
        }
      ],
      "symbols": []
    },
    "favorited": false,
    "retweeted": false,
    "filter_level": "low",
    "lang": "en",
    "matching_rules": [
      {
        "tag": null
      }
    ]
  },
  {
    "created_at": "Thu Feb 22 02:02:12 +0000 2018",
    "id": 966493291914190850,
    "id_str": "966493291914190850",
    "text": "RT @SiddonsDan: MUST SEE @MichelleMalkin:\n@CNN plans on holding a #Townhall on gun control tonight \u2014 BUT BEWARE!! They have a sordid and lo\u2026",
    "source": "<a href=\"http://twitter.com/download/iphone\" rel=\"nofollow\">Twitter for iPhone</a>",
    "truncated": false,
    "in_reply_to_status_id": null,
    "in_reply_to_status_id_str": null,
    "in_reply_to_user_id": null,
    "in_reply_to_user_id_str": null,
    "in_reply_to_screen_name": null,
    "user": {
      "id": 1523789605,
      "id_str": "1523789605",
      "name": "Brent Grinnell",
      "screen_name": "BrentGrinnell",
      "location": "Minneapolis, Minnesota",
      "url": null,
      "description": "I am retired",
      "translator_type": "none",
      "derived": {
        "locations": [
          {
            "country": "United States",
            "country_code": "US",
            "locality": "Minneapolis",
            "region": "Minnesota",
            "sub_region": "Hennepin County",
            "full_name": "Minneapolis, Minnesota, United States",
            "geo": {
              "coordinates": [
                -93.26384,
                44.97997
              ],
              "type": "point"
            }
          }
        ]
      },
      "protected": false,
      "verified": false,
      "followers_count": 1058,
      "friends_count": 2880,
      "listed_count": 15,
      "favourites_count": 12350,
      "statuses_count": 15987,
      "created_at": "Mon Jun 17 02:51:24 +0000 2013",
      "utc_offset": null,
      "time_zone": null,
      "geo_enabled": true,
      "lang": "en",
      "contributors_enabled": false,
      "is_translator": false,
      "profile_background_color": "C0DEED",
      "profile_background_image_url": "http://abs.twimg.com/images/themes/theme1/bg.png",
      "profile_background_image_url_https": "https://abs.twimg.com/images/themes/theme1/bg.png",
      "profile_background_tile": false,
      "profile_link_color": "1DA1F2",
      "profile_sidebar_border_color": "C0DEED",
      "profile_sidebar_fill_color": "DDEEF6",
      "profile_text_color": "333333",
      "profile_use_background_image": true,
      "profile_image_url": "http://pbs.twimg.com/profile_images/437800445986484224/vXMJ01da_normal.jpeg",
      "profile_image_url_https": "https://pbs.twimg.com/profile_images/437800445986484224/vXMJ01da_normal.jpeg",
      "profile_banner_url": "https://pbs.twimg.com/profile_banners/1523789605/1393081612",
      "default_profile": true,
      "default_profile_image": false,
      "following": null,
      "follow_request_sent": null,
      "notifications": null
    },
    "geo": null,
    "coordinates": null,
    "place": null,
    "contributors": null,
    "retweeted_status": {
      "created_at": "Wed Feb 21 20:51:19 +0000 2018",
      "id": 966415057667096576,
      "id_str": "966415057667096576",
      "text": "MUST SEE @MichelleMalkin:\n@CNN plans on holding a #Townhall on gun control tonight \u2014 BUT BEWARE!! They have a sordi\u2026 https://t.co/GY84bbKA2z",
      "source": "<a href=\"http://twitter.com/#!/download/ipad\" rel=\"nofollow\">Twitter for iPad</a>",
      "truncated": true,
      "in_reply_to_status_id": null,
      "in_reply_to_status_id_str": null,
      "in_reply_to_user_id": null,
      "in_reply_to_user_id_str": null,
      "in_reply_to_screen_name": null,
      "user": {
        "id": 867947619661881344,
        "id_str": "867947619661881344",
        "name": "Dan Siddons",
        "screen_name": "SiddonsDan3",
        "location": null,
        "url": null,
        "description": "I Support President Donald J. Trump @trish_regan @ericbolling @katrinapierson @RealJamesWoods @michellemalkin @deneenborelli @RealDrGina @DLoesch @STEPHMHAMILL",
        "translator_type": "none",
        "protected": false,
        "verified": false,
        "followers_count": 72360,
        "friends_count": 71781,
        "listed_count": 171,
        "favourites_count": 175710,
        "statuses_count": 198433,
        "created_at": "Fri May 26 03:36:53 +0000 2017",
        "utc_offset": null,
        "time_zone": null,
        "geo_enabled": true,
        "lang": "en",
        "contributors_enabled": false,
        "is_translator": false,
        "profile_background_color": "F5F8FA",
        "profile_background_image_url": "",
        "profile_background_image_url_https": "",
        "profile_background_tile": false,
        "profile_link_color": "1DA1F2",
        "profile_sidebar_border_color": "C0DEED",
        "profile_sidebar_fill_color": "DDEEF6",
        "profile_text_color": "333333",
        "profile_use_background_image": true,
        "profile_image_url": "http://pbs.twimg.com/profile_images/932133290194165760/gKVRr-xH_normal.jpg",
        "profile_image_url_https": "https://pbs.twimg.com/profile_images/932133290194165760/gKVRr-xH_normal.jpg",
        "profile_banner_url": "https://pbs.twimg.com/profile_banners/867947619661881344/1522161070",
        "default_profile": true,
        "default_profile_image": false,
        "following": null,
        "follow_request_sent": null,
        "notifications": null
      },
      "geo": null,
      "coordinates": null,
      "place": null,
      "contributors": null,
      "is_quote_status": false,
      "extended_tweet": {
        "full_text": "MUST SEE @MichelleMalkin:\n@CNN plans on holding a #Townhall on gun control tonight \u2014 BUT BEWARE!! They have a sordid and long history of *rigging* town halls with phony plants. \nThese are biased political events, not journalistic exercises. \nhttps://t.co/LKEwhVYUdI",
        "display_text_range": [
          0,
          265
        ],
        "entities": {
          "hashtags": [
            {
              "text": "Townhall",
              "indices": [
                50,
                59
              ]
            }
          ],
          "urls": [],
          "user_mentions": [
            {
              "screen_name": "michellemalkin",
              "name": "Michelle Malkin",
              "id": 15976697,
              "id_str": "15976697",
              "indices": [
                9,
                24
              ]
            },
            {
              "screen_name": "CNN",
              "name": "CNN",
              "id": 759251,
              "id_str": "759251",
              "indices": [
                26,
                30
              ]
            }
          ],
          "symbols": [],
          "media": [
            {
              "id": 966384325997588482,
              "id_str": "966384325997588482",
              "indices": [
                242,
                265
              ],
              "additional_media_info": {
                "title": "",
                "description": "",
                "embeddable": true,
                "monetizable": false
              },
              "media_url": "http://pbs.twimg.com/amplify_video_thumb/966384325997588482/img/5LJxXL8v7xocW4mu.jpg",
              "media_url_https": "https://pbs.twimg.com/amplify_video_thumb/966384325997588482/img/5LJxXL8v7xocW4mu.jpg",
              "url": "https://t.co/LKEwhVYUdI",
              "display_url": "pic.twitter.com/LKEwhVYUdI",
              "expanded_url": "https://twitter.com/CRTV/status/966387079641948160/video/1",
              "type": "video",
              "video_info": {
                "aspect_ratio": [
                  16,
                  9
                ],
                "duration_millis": 133300,
                "variants": [
                  {
                    "bitrate": 832000,
                    "content_type": "video/mp4",
                    "url": "https://video.twimg.com/amplify_video/966384325997588482/vid/640x360/Merk_MkZa4JqTpDb.mp4"
                  },
                  {
                    "bitrate": 2176000,
                    "content_type": "video/mp4",
                    "url": "https://video.twimg.com/amplify_video/966384325997588482/vid/1280x720/guGOvQ28h9ZVgYih.mp4"
                  },
                  {
                    "bitrate": 320000,
                    "content_type": "video/mp4",
                    "url": "https://video.twimg.com/amplify_video/966384325997588482/vid/320x180/GrBOdQ80xEBEA1li.mp4"
                  },
                  {
                    "content_type": "application/x-mpegURL",
                    "url": "https://video.twimg.com/amplify_video/966384325997588482/pl/KclQ5uFigOcyhIeg.m3u8"
                  }
                ]
              },
              "sizes": {
                "thumb": {
                  "w": 150,
                  "h": 150,
                  "resize": "crop"
                },
                "large": {
                  "w": 1920,
                  "h": 1080,
                  "resize": "fit"
                },
                "medium": {
                  "w": 1200,
                  "h": 675,
                  "resize": "fit"
                },
                "small": {
                  "w": 680,
                  "h": 383,
                  "resize": "fit"
                }
              },
              "source_status_id": 966387079641948160,
              "source_status_id_str": "966387079641948160",
              "source_user_id": 753385398718521344,
              "source_user_id_str": "753385398718521344"
            }
          ]
        },
        "extended_entities": {
          "media": [
            {
              "id": 966384325997588482,
              "id_str": "966384325997588482",
              "indices": [
                242,
                265
              ],
              "additional_media_info": {
                "title": "",
                "description": "",
                "embeddable": true,
                "monetizable": false
              },
              "media_url": "http://pbs.twimg.com/amplify_video_thumb/966384325997588482/img/5LJxXL8v7xocW4mu.jpg",
              "media_url_https": "https://pbs.twimg.com/amplify_video_thumb/966384325997588482/img/5LJxXL8v7xocW4mu.jpg",
              "url": "https://t.co/LKEwhVYUdI",
              "display_url": "pic.twitter.com/LKEwhVYUdI",
              "expanded_url": "https://twitter.com/CRTV/status/966387079641948160/video/1",
              "type": "video",
              "video_info": {
                "aspect_ratio": [
                  16,
                  9
                ],
                "duration_millis": 133300,
                "variants": [
                  {
                    "bitrate": 832000,
                    "content_type": "video/mp4",
                    "url": "https://video.twimg.com/amplify_video/966384325997588482/vid/640x360/Merk_MkZa4JqTpDb.mp4"
                  },
                  {
                    "bitrate": 2176000,
                    "content_type": "video/mp4",
                    "url": "https://video.twimg.com/amplify_video/966384325997588482/vid/1280x720/guGOvQ28h9ZVgYih.mp4"
                  },
                  {
                    "bitrate": 320000,
                    "content_type": "video/mp4",
                    "url": "https://video.twimg.com/amplify_video/966384325997588482/vid/320x180/GrBOdQ80xEBEA1li.mp4"
                  },
                  {
                    "content_type": "application/x-mpegURL",
                    "url": "https://video.twimg.com/amplify_video/966384325997588482/pl/KclQ5uFigOcyhIeg.m3u8"
                  }
                ]
              },
              "sizes": {
                "thumb": {
                  "w": 150,
                  "h": 150,
                  "resize": "crop"
                },
                "large": {
                  "w": 1920,
                  "h": 1080,
                  "resize": "fit"
                },
                "medium": {
                  "w": 1200,
                  "h": 675,
                  "resize": "fit"
                },
                "small": {
                  "w": 680,
                  "h": 383,
                  "resize": "fit"
                }
              },
              "source_status_id": 966387079641948160,
              "source_status_id_str": "966387079641948160",
              "source_user_id": 753385398718521344,
              "source_user_id_str": "753385398718521344"
            }
          ]
        }
      },
      "quote_count": 0,
      "reply_count": 115,
      "retweet_count": 1184,
      "favorite_count": 1507,
      "entities": {
        "hashtags": [
          {
            "text": "Townhall",
            "indices": [
              50,
              59
            ]
          }
        ],
        "urls": [
          {
            "url": "https://t.co/GY84bbKA2z",
            "expanded_url": "https://twitter.com/i/web/status/966415057667096576",
            "display_url": "twitter.com/i/web/status/9\u2026",
            "indices": [
              117,
              140
            ]
          }
        ],
        "user_mentions": [
          {
            "screen_name": "michellemalkin",
            "name": "Michelle Malkin",
            "id": 15976697,
            "id_str": "15976697",
            "indices": [
              9,
              24
            ]
          },
          {
            "screen_name": "CNN",
            "name": "CNN",
            "id": 759251,
            "id_str": "759251",
            "indices": [
              26,
              30
            ]
          }
        ],
        "symbols": []
      },
      "favorited": false,
      "retweeted": false,
      "possibly_sensitive": true,
      "filter_level": "low",
      "lang": "en"
    },
    "is_quote_status": false,
    "quote_count": 0,
    "reply_count": 0,
    "retweet_count": 0,
    "favorite_count": 0,
    "entities": {
      "hashtags": [
        {
          "text": "Townhall",
          "indices": [
            66,
            75
          ]
        }
      ],
      "urls": [],
      "user_mentions": [
        {
          "screen_name": "SiddonsDan",
          "name": null,
          "id": null,
          "id_str": null,
          "indices": [
            3,
            14
          ]
        },
        {
          "screen_name": "michellemalkin",
          "name": "Michelle Malkin",
          "id": 15976697,
          "id_str": "15976697",
          "indices": [
            25,
            40
          ]
        },
        {
          "screen_name": "CNN",
          "name": "CNN",
          "id": 759251,
          "id_str": "759251",
          "indices": [
            42,
            46
          ]
        }
      ],
      "symbols": []
    },
    "favorited": false,
    "retweeted": false,
    "filter_level": "low",
    "lang": "en",
    "matching_rules": [
      {
        "tag": null
      }
    ]
  },
  {
    "created_at": "Thu Feb 22 02:02:11 +0000 2018",
    "id": 966493291477897218,
    "id_str": "966493291477897218",
    "text": "@CNN #TownHall #StandUp - An exchange with students and families and lawmakers.   (Trump and Governor Rick Scott de\u2026 https://t.co/H6ND3iHfZf",
    "source": "<a href=\"http://twitter.com\" rel=\"nofollow\">Twitter Web Client</a>",
    "truncated": true,
    "in_reply_to_status_id": null,
    "in_reply_to_status_id_str": null,
    "in_reply_to_user_id": 759251,
    "in_reply_to_user_id_str": "759251",
    "in_reply_to_screen_name": "CNN",
    "user": {
      "id": 102572648,
      "id_str": "102572648",
      "name": "Emily Salazar",
      "screen_name": "LuvvvMusic",
      "location": "Austin, TX",
      "url": null,
      "description": "\u2764\ufe0fmusic,classic films,the arts,cats,travel. Care deeply about human rights,politics,& a daily dose of humor. #indivisible #TheResistance #Dreamers #BlueWave2018",
      "translator_type": "none",
      "derived": {
        "locations": [
          {
            "country": "United States",
            "country_code": "US",
            "locality": "Austin",
            "region": "Texas",
            "sub_region": "Travis County",
            "full_name": "Austin, Texas, United States",
            "geo": {
              "coordinates": [
                -97.74306,
                30.26715
              ],
              "type": "point"
            }
          }
        ]
      },
      "protected": false,
      "verified": false,
      "followers_count": 4742,
      "friends_count": 4420,
      "listed_count": 16,
      "favourites_count": 9221,
      "statuses_count": 32522,
      "created_at": "Thu Jan 07 04:15:04 +0000 2010",
      "utc_offset": -18000,
      "time_zone": "Central Time (US & Canada)",
      "geo_enabled": true,
      "lang": "en",
      "contributors_enabled": false,
      "is_translator": false,
      "profile_background_color": "FCE09D",
      "profile_background_image_url": "http://pbs.twimg.com/profile_background_images/256939158/PPT6.jpg",
      "profile_background_image_url_https": "https://pbs.twimg.com/profile_background_images/256939158/PPT6.jpg",
      "profile_background_tile": true,
      "profile_link_color": "1B95E0",
      "profile_sidebar_border_color": "66422E",
      "profile_sidebar_fill_color": "70775A",
      "profile_text_color": "B6C5A4",
      "profile_use_background_image": true,
      "profile_image_url": "http://pbs.twimg.com/profile_images/1354849304/For_Twitter_may_2011_normal.jpg",
      "profile_image_url_https": "https://pbs.twimg.com/profile_images/1354849304/For_Twitter_may_2011_normal.jpg",
      "profile_banner_url": "https://pbs.twimg.com/profile_banners/102572648/1521781724",
      "default_profile": false,
      "default_profile_image": false,
      "following": null,
      "follow_request_sent": null,
      "notifications": null
    },
    "geo": null,
    "coordinates": null,
    "place": null,
    "contributors": null,
    "is_quote_status": false,
    "extended_tweet": {
      "full_text": "@CNN #TownHall #StandUp - An exchange with students and families and lawmakers.   (Trump and Governor Rick Scott declined offer to attend or be there on video)",
      "display_text_range": [
        0,
        159
      ],
      "entities": {
        "hashtags": [
          {
            "text": "TownHall",
            "indices": [
              5,
              14
            ]
          },
          {
            "text": "StandUp",
            "indices": [
              15,
              23
            ]
          }
        ],
        "urls": [],
        "user_mentions": [
          {
            "screen_name": "CNN",
            "name": "CNN",
            "id": 759251,
            "id_str": "759251",
            "indices": [
              0,
              4
            ]
          }
        ],
        "symbols": []
      }
    },
    "quote_count": 0,
    "reply_count": 0,
    "retweet_count": 0,
    "favorite_count": 0,
    "entities": {
      "hashtags": [
        {
          "text": "TownHall",
          "indices": [
            5,
            14
          ]
        },
        {
          "text": "StandUp",
          "indices": [
            15,
            23
          ]
        }
      ],
      "urls": [
        {
          "url": "https://t.co/H6ND3iHfZf",
          "expanded_url": "https://twitter.com/i/web/status/966493291477897218",
          "display_url": "twitter.com/i/web/status/9\u2026",
          "indices": [
            117,
            140
          ]
        }
      ],
      "user_mentions": [
        {
          "screen_name": "CNN",
          "name": "CNN",
          "id": 759251,
          "id_str": "759251",
          "indices": [
            0,
            4
          ]
        }
      ],
      "symbols": []
    },
    "favorited": false,
    "retweeted": false,
    "filter_level": "low",
    "lang": "en",
    "matching_rules": [
      {
        "tag": null
      }
    ]
  },
  {
    "created_at": "Thu Feb 22 02:02:10 +0000 2018",
    "id": 966493287023443968,
    "id_str": "966493287023443968",
    "text": "RT @211Pine: I expect to see @jaketapper and the rest of Florida &amp; its students demand answers from local law enforcement &amp; the @FBI tonigh\u2026",
    "source": "<a href=\"http://twitter.com\" rel=\"nofollow\">Twitter Web Client</a>",
    "truncated": false,
    "in_reply_to_status_id": null,
    "in_reply_to_status_id_str": null,
    "in_reply_to_user_id": null,
    "in_reply_to_user_id_str": null,
    "in_reply_to_screen_name": null,
    "user": {
      "id": 1281392407,
      "id_str": "1281392407",
      "name": "Dale Muncie",
      "screen_name": "chispasos9",
      "location": "Vancouver, WA",
      "url": null,
      "description": "Retired. Strictly USA. #NRA #2A hubby to wife, dad to 3 adult kids.",
      "translator_type": "none",
      "derived": {
        "locations": [
          {
            "country": "United States",
            "country_code": "US",
            "locality": "Vancouver",
            "region": "Washington",
            "sub_region": "Clark County",
            "full_name": "Vancouver, Washington, United States",
            "geo": {
              "coordinates": [
                -122.66149,
                45.63873
              ],
              "type": "point"
            }
          }
        ]
      },
      "protected": false,
      "verified": false,
      "followers_count": 2142,
      "friends_count": 2220,
      "listed_count": 22,
      "favourites_count": 65355,
      "statuses_count": 91650,
      "created_at": "Tue Mar 19 20:02:11 +0000 2013",
      "utc_offset": -25200,
      "time_zone": "America/Los_Angeles",
      "geo_enabled": true,
      "lang": "en",
      "contributors_enabled": false,
      "is_translator": false,
      "profile_background_color": "C0DEED",
      "profile_background_image_url": "http://abs.twimg.com/images/themes/theme1/bg.png",
      "profile_background_image_url_https": "https://abs.twimg.com/images/themes/theme1/bg.png",
      "profile_background_tile": false,
      "profile_link_color": "1DA1F2",
      "profile_sidebar_border_color": "C0DEED",
      "profile_sidebar_fill_color": "DDEEF6",
      "profile_text_color": "333333",
      "profile_use_background_image": true,
      "profile_image_url": "http://pbs.twimg.com/profile_images/899886944573825024/U_WIUd0I_normal.jpg",
      "profile_image_url_https": "https://pbs.twimg.com/profile_images/899886944573825024/U_WIUd0I_normal.jpg",
      "default_profile": true,
      "default_profile_image": false,
      "following": null,
      "follow_request_sent": null,
      "notifications": null
    },
    "geo": null,
    "coordinates": null,
    "place": null,
    "contributors": null,
    "retweeted_status": {
      "created_at": "Thu Feb 22 01:37:58 +0000 2018",
      "id": 966487196864692224,
      "id_str": "966487196864692224",
      "text": "I expect to see @jaketapper and the rest of Florida &amp; its students demand answers from local law enforcement &amp; the\u2026 https://t.co/t8hHnjnGKy",
      "source": "<a href=\"http://twitter.com/download/iphone\" rel=\"nofollow\">Twitter for iPhone</a>",
      "truncated": true,
      "in_reply_to_status_id": null,
      "in_reply_to_status_id_str": null,
      "in_reply_to_user_id": null,
      "in_reply_to_user_id_str": null,
      "in_reply_to_screen_name": null,
      "user": {
        "id": 1190530476,
        "id_str": "1190530476",
        "name": "Laura",
        "screen_name": "211Pine",
        "location": "East Coast \ud83c\uddfa\ud83c\uddf8",
        "url": null,
        "description": "Old school EVERYTHING is my favorite, & laughing. I love laughing.  \ud83d\udc95\ud83d\udc95",
        "translator_type": "none",
        "protected": false,
        "verified": false,
        "followers_count": 24464,
        "friends_count": 20204,
        "listed_count": 116,
        "favourites_count": 61149,
        "statuses_count": 37794,
        "created_at": "Sun Feb 17 18:06:06 +0000 2013",
        "utc_offset": -14400,
        "time_zone": "Eastern Time (US & Canada)",
        "geo_enabled": true,
        "lang": "en",
        "contributors_enabled": false,
        "is_translator": false,
        "profile_background_color": "C0DEED",
        "profile_background_image_url": "http://abs.twimg.com/images/themes/theme1/bg.png",
        "profile_background_image_url_https": "https://abs.twimg.com/images/themes/theme1/bg.png",
        "profile_background_tile": false,
        "profile_link_color": "1DA1F2",
        "profile_sidebar_border_color": "C0DEED",
        "profile_sidebar_fill_color": "DDEEF6",
        "profile_text_color": "333333",
        "profile_use_background_image": true,
        "profile_image_url": "http://pbs.twimg.com/profile_images/955646094003679232/kTNmbki__normal.jpg",
        "profile_image_url_https": "https://pbs.twimg.com/profile_images/955646094003679232/kTNmbki__normal.jpg",
        "profile_banner_url": "https://pbs.twimg.com/profile_banners/1190530476/1490642359",
        "default_profile": true,
        "default_profile_image": false,
        "following": null,
        "follow_request_sent": null,
        "notifications": null
      },
      "geo": null,
      "coordinates": null,
      "place": null,
      "contributors": null,
      "is_quote_status": false,
      "extended_tweet": {
        "full_text": "I expect to see @jaketapper and the rest of Florida &amp; its students demand answers from local law enforcement &amp; the @FBI tonight at the @CNN #Townhall",
        "display_text_range": [
          0,
          157
        ],
        "entities": {
          "hashtags": [
            {
              "text": "Townhall",
              "indices": [
                148,
                157
              ]
            }
          ],
          "urls": [],
          "user_mentions": [
            {
              "screen_name": "jaketapper",
              "name": "Jake Tapper",
              "id": 14529929,
              "id_str": "14529929",
              "indices": [
                16,
                27
              ]
            },
            {
              "screen_name": "FBI",
              "name": "FBI",
              "id": 17629860,
              "id_str": "17629860",
              "indices": [
                123,
                127
              ]
            },
            {
              "screen_name": "CNN",
              "name": "CNN",
              "id": 759251,
              "id_str": "759251",
              "indices": [
                143,
                147
              ]
            }
          ],
          "symbols": []
        }
      },
      "quote_count": 0,
      "reply_count": 6,
      "retweet_count": 6,
      "favorite_count": 16,
      "entities": {
        "hashtags": [],
        "urls": [
          {
            "url": "https://t.co/t8hHnjnGKy",
            "expanded_url": "https://twitter.com/i/web/status/966487196864692224",
            "display_url": "twitter.com/i/web/status/9\u2026",
            "indices": [
              124,
              147
            ]
          }
        ],
        "user_mentions": [
          {
            "screen_name": "jaketapper",
            "name": "Jake Tapper",
            "id": 14529929,
            "id_str": "14529929",
            "indices": [
              16,
              27
            ]
          }
        ],
        "symbols": []
      },
      "favorited": false,
      "retweeted": false,
      "filter_level": "low",
      "lang": "en"
    },
    "is_quote_status": false,
    "quote_count": 0,
    "reply_count": 0,
    "retweet_count": 0,
    "favorite_count": 0,
    "entities": {
      "hashtags": [],
      "urls": [],
      "user_mentions": [
        {
          "screen_name": "211Pine",
          "name": "Laura",
          "id": 1190530476,
          "id_str": "1190530476",
          "indices": [
            3,
            11
          ]
        },
        {
          "screen_name": "jaketapper",
          "name": "Jake Tapper",
          "id": 14529929,
          "id_str": "14529929",
          "indices": [
            29,
            40
          ]
        },
        {
          "screen_name": "FBI",
          "name": "FBI",
          "id": 17629860,
          "id_str": "17629860",
          "indices": [
            136,
            140
          ]
        }
      ],
      "symbols": []
    },
    "favorited": false,
    "retweeted": false,
    "filter_level": "low",
    "lang": "en",
    "matching_rules": [
      {
        "tag": null
      }
    ]
  },
  {
    "created_at": "Thu Feb 22 02:01:35 +0000 2018",
    "id": 966493140717891584,
    "id_str": "966493140717891584",
    "text": "#Townhall time ... #neveragain #msdstrong",
    "source": "<a href=\"http://twitter.com/download/iphone\" rel=\"nofollow\">Twitter for iPhone</a>",
    "truncated": false,
    "in_reply_to_status_id": null,
    "in_reply_to_status_id_str": null,
    "in_reply_to_user_id": null,
    "in_reply_to_user_id_str": null,
    "in_reply_to_screen_name": null,
    "user": {
      "id": 24719006,
      "id_str": "24719006",
      "name": "Sydney S. \u2744\ufe0f\u2721\ufe0f",
      "screen_name": "Sydney4Real",
      "location": "South Florida",
      "url": null,
      "description": "Julian's momma. IU Alumni. BSN, RN, PCCN #RESIST #Notmypresident #theResistance #blacklivesmatter #NeverAgain My views do not reflect my employer.",
      "translator_type": "none",
      "derived": {
        "locations": [
          {
            "country": "United States",
            "country_code": "US",
            "locality": "South Bay",
            "region": "Florida",
            "sub_region": "Palm Beach County",
            "full_name": "South Bay, Florida, United States",
            "geo": {
              "coordinates": [
                -80.71617,
                26.66396
              ],
              "type": "point"
            }
          }
        ]
      },
      "protected": false,
      "verified": false,
      "followers_count": 506,
      "friends_count": 925,
      "listed_count": 7,
      "favourites_count": 3803,
      "statuses_count": 7295,
      "created_at": "Mon Mar 16 16:25:14 +0000 2009",
      "utc_offset": -18000,
      "time_zone": "Quito",
      "geo_enabled": false,
      "lang": "en",
      "contributors_enabled": false,
      "is_translator": false,
      "profile_background_color": "131516",
      "profile_background_image_url": "http://abs.twimg.com/images/themes/theme14/bg.gif",
      "profile_background_image_url_https": "https://abs.twimg.com/images/themes/theme14/bg.gif",
      "profile_background_tile": true,
      "profile_link_color": "009999",
      "profile_sidebar_border_color": "EEEEEE",
      "profile_sidebar_fill_color": "EFEFEF",
      "profile_text_color": "333333",
      "profile_use_background_image": true,
      "profile_image_url": "http://pbs.twimg.com/profile_images/979734216379379712/Jz9yN4HT_normal.jpg",
      "profile_image_url_https": "https://pbs.twimg.com/profile_images/979734216379379712/Jz9yN4HT_normal.jpg",
      "profile_banner_url": "https://pbs.twimg.com/profile_banners/24719006/1480643891",
      "default_profile": false,
      "default_profile_image": false,
      "following": null,
      "follow_request_sent": null,
      "notifications": null
    },
    "geo": null,
    "coordinates": null,
    "place": null,
    "contributors": null,
    "is_quote_status": false,
    "quote_count": 0,
    "reply_count": 0,
    "retweet_count": 0,
    "favorite_count": 0,
    "entities": {
      "hashtags": [
        {
          "text": "Townhall",
          "indices": [
            0,
            9
          ]
        },
        {
          "text": "neveragain",
          "indices": [
            19,
            30
          ]
        },
        {
          "text": "msdstrong",
          "indices": [
            31,
            41
          ]
        }
      ],
      "urls": [],
      "user_mentions": [],
      "symbols": []
    },
    "favorited": false,
    "retweeted": false,
    "filter_level": "low",
    "lang": "en",
    "matching_rules": [
      {
        "tag": null
      }
    ]
  },
  {
    "created_at": "Thu Feb 22 02:01:35 +0000 2018",
    "id": 966493140269092865,
    "id_str": "966493140269092865",
    "text": "If we ban guns, what are we going to do during the zombie uprising? #Townhall #guncontrol",
    "source": "<a href=\"https://mobile.twitter.com\" rel=\"nofollow\">Twitter Lite</a>",
    "truncated": false,
    "in_reply_to_status_id": null,
    "in_reply_to_status_id_str": null,
    "in_reply_to_user_id": null,
    "in_reply_to_user_id_str": null,
    "in_reply_to_screen_name": null,
    "user": {
      "id": 1226687827,
      "id_str": "1226687827",
      "name": "TSW",
      "screen_name": "spikelee1062",
      "location": "Jackson Ms",
      "url": null,
      "description": "http://bedwellforsenate.com/",
      "translator_type": "none",
      "derived": {
        "locations": [
          {
            "country": "United States",
            "country_code": "US",
            "locality": "Jackson",
            "region": "Mississippi",
            "sub_region": "Hinds County",
            "full_name": "Jackson, Mississippi, United States",
            "geo": {
              "coordinates": [
                -90.18481,
                32.29876
              ],
              "type": "point"
            }
          }
        ]
      },
      "protected": false,
      "verified": false,
      "followers_count": 322,
      "friends_count": 677,
      "listed_count": 7,
      "favourites_count": 18955,
      "statuses_count": 12485,
      "created_at": "Thu Feb 28 04:33:25 +0000 2013",
      "utc_offset": null,
      "time_zone": null,
      "geo_enabled": false,
      "lang": "en",
      "contributors_enabled": false,
      "is_translator": false,
      "profile_background_color": "C0DEED",
      "profile_background_image_url": "http://abs.twimg.com/images/themes/theme1/bg.png",
      "profile_background_image_url_https": "https://abs.twimg.com/images/themes/theme1/bg.png",
      "profile_background_tile": false,
      "profile_link_color": "1DA1F2",
      "profile_sidebar_border_color": "C0DEED",
      "profile_sidebar_fill_color": "DDEEF6",
      "profile_text_color": "333333",
      "profile_use_background_image": true,
      "profile_image_url": "http://pbs.twimg.com/profile_images/512377390865985536/2EzS5lE6_normal.png",
      "profile_image_url_https": "https://pbs.twimg.com/profile_images/512377390865985536/2EzS5lE6_normal.png",
      "profile_banner_url": "https://pbs.twimg.com/profile_banners/1226687827/1522525261",
      "default_profile": true,
      "default_profile_image": false,
      "following": null,
      "follow_request_sent": null,
      "notifications": null
    },
    "geo": null,
    "coordinates": null,
    "place": null,
    "contributors": null,
    "is_quote_status": false,
    "quote_count": 0,
    "reply_count": 0,
    "retweet_count": 0,
    "favorite_count": 0,
    "entities": {
      "hashtags": [
        {
          "text": "Townhall",
          "indices": [
            68,
            77
          ]
        },
        {
          "text": "guncontrol",
          "indices": [
            78,
            89
          ]
        }
      ],
      "urls": [],
      "user_mentions": [],
      "symbols": []
    },
    "favorited": false,
    "retweeted": false,
    "filter_level": "low",
    "lang": "en",
    "matching_rules": [
      {
        "tag": null
      }
    ]
  },
  {
    "created_at": "Thu Feb 22 02:01:33 +0000 2018",
    "id": 966493131905449984,
    "id_str": "966493131905449984",
    "text": "Turn on @CNN! #StandUp #TownHall",
    "source": "<a href=\"http://twitter.com/download/iphone\" rel=\"nofollow\">Twitter for iPhone</a>",
    "truncated": false,
    "in_reply_to_status_id": null,
    "in_reply_to_status_id_str": null,
    "in_reply_to_user_id": null,
    "in_reply_to_user_id_str": null,
    "in_reply_to_screen_name": null,
    "user": {
      "id": 28965917,
      "id_str": "28965917",
      "name": "brandt",
      "screen_name": "ItsJustBrandt",
      "location": "America",
      "url": null,
      "description": null,
      "translator_type": "none",
      "derived": {
        "locations": [
          {
            "country": "United States",
            "country_code": "US",
            "full_name": "United States",
            "geo": {
              "coordinates": [
                -98.5,
                39.76
              ],
              "type": "point"
            }
          }
        ]
      },
      "protected": false,
      "verified": false,
      "followers_count": 401,
      "friends_count": 726,
      "listed_count": 9,
      "favourites_count": 15153,
      "statuses_count": 37008,
      "created_at": "Sun Apr 05 09:39:23 +0000 2009",
      "utc_offset": -25200,
      "time_zone": "Pacific Time (US & Canada)",
      "geo_enabled": true,
      "lang": "en",
      "contributors_enabled": false,
      "is_translator": false,
      "profile_background_color": "0E1414",
      "profile_background_image_url": "http://pbs.twimg.com/profile_background_images/224313662/photo_1___7_.JPG",
      "profile_background_image_url_https": "https://pbs.twimg.com/profile_background_images/224313662/photo_1___7_.JPG",
      "profile_background_tile": true,
      "profile_link_color": "F5F50A",
      "profile_sidebar_border_color": "F5F508",
      "profile_sidebar_fill_color": "131413",
      "profile_text_color": "4B16DE",
      "profile_use_background_image": true,
      "profile_image_url": "http://pbs.twimg.com/profile_images/961834511607607296/UgW2BTIt_normal.jpg",
      "profile_image_url_https": "https://pbs.twimg.com/profile_images/961834511607607296/UgW2BTIt_normal.jpg",
      "profile_banner_url": "https://pbs.twimg.com/profile_banners/28965917/1470989589",
      "default_profile": false,
      "default_profile_image": false,
      "following": null,
      "follow_request_sent": null,
      "notifications": null
    },
    "geo": null,
    "coordinates": null,
    "place": null,
    "contributors": null,
    "is_quote_status": false,
    "quote_count": 0,
    "reply_count": 0,
    "retweet_count": 0,
    "favorite_count": 0,
    "entities": {
      "hashtags": [
        {
          "text": "StandUp",
          "indices": [
            14,
            22
          ]
        },
        {
          "text": "TownHall",
          "indices": [
            23,
            32
          ]
        }
      ],
      "urls": [],
      "user_mentions": [
        {
          "screen_name": "CNN",
          "name": "CNN",
          "id": 759251,
          "id_str": "759251",
          "indices": [
            8,
            12
          ]
        }
      ],
      "symbols": []
    },
    "favorited": false,
    "retweeted": false,
    "filter_level": "low",
    "lang": "en",
    "matching_rules": [
      {
        "tag": null
      }
    ]
  }
]